Appliances,Lights,T1,RH_1,T2,RH_2,T3,RH_3,T4,RH_4,T5,RH_5,T6,RH_6,T7,RH_7,T8,RH_8,T9,RH_9,T_out,Press_mm_hg,RH_out,Windspeed,Visibility,Tdewpoint
50,0,24,45.56,22.2771428571,46.6085714286,26.1,39.7,24.29,42.56,22.39,54.93,14.1266666667,39.0266666667,24.1,44.1685714286,24.1,48.86,22.79,47.1333333333,13.4333333333,755.7,89,1.3333333333,47.3333333333,11.6333333333
430,10,25.5,46.6,25.2642857143,42.9714285714,26.8233333333,41.1566666667,24.7,45.9633333333,23.2,52.2,21.0266666667,1,24.5,44.054,24.736,49.736,23.2,46.845,22.2,755.2,57,4,27,13.2
50,10,23.79,45.1333333333,22.2,45.8671428571,26.6666666667,40.5,24.3566666667,42.23,22.39,55.59,13.3,41.8,24.2,45.1214285714,24.2,50.06,22.79,46.9,13.3,755.5,89,2,46,11.5
